Nombre,Edad,Activo,Inicio,Saldo
urkrxdsckkcpadirb,-556.280.058,No,11/04/2016,"-2.186.454,77"
qtfolrnkzahun,-169.293.769,Si,01/06/2014,"9.458.717,46"
wfhscnvpllqs,209.605.153,No,05/07/2017,"-4.127.085,44"
jzhpcypyxggath,-249.970.220,No,02/05/2017,"4.202.916,43"
cfqrxbuxpfupufwcu,-1.965.618.193,Si,08/02/2022,"-9.171.750,49"
llvabgmwlj,-856.222.598,Si,09/01/2014,"-3.393.957,84"
qaoxubwbwsvtg,1.754.371.599,Si,22/08/2018,"-3.397.175,90"
ygnidowcsprtiu,-28.230.543,No,05/01/2021,"6.252.628,40"
fewmagblndyvp,370.916.151,Si,18/10/2019,"-7.480.916,34"
kdylymqdfpuft,-23.502.352,No,26/01/2022,"206.350,10"
qvqjdoxoxh,-1.741.883.621,No,15/09/2015,"-4.444.813,86"
jzbauegyci,586.744.906,Si,23/07/2020,"1.609.153,38"
flbdfgkdjycxv,-1.074.801.972,No,16/02/2016,"2.242.387,75"
bihusblvxkzcdfq,-1.861.345.796,No,21/12/2016,"-7.125.662,62"
ufpnxhnszbedocmvi,1.516.127.437,Si,18/06/2021,"-1.063.247,51"
knphiggqfwvm,2.075.659.476,No,24/08/2020,"9.271.700,76"
kpczaovhxgxwexif,-1.096.332.875,No,03/07/2018,"-5.039.094,18"
ykwiroudapvg,919.482.420,Si,23/12/2020,"3.790.776,83"
eyojlhydgrasdwlq,90.751.015,Si,26/09/2014,"8.469.948,22"
qejciclbaxnve,1.970.943.969,Si,05/10/2017,"-1.450.039,01"
weobtfnvgxbll,2.001.313.941,Si,04/06/2014,"2.896.930,33"
bhmbuyglqnivzsfi,-614.621.579,No,03/07/2019,"8.083.234,90"
eizajrcazbq,-63.533.549,No,02/10/2019,"4.447.489,68"
qopnyiwqqkfjwcmnd,-1.634.775.654,No,24/03/2019,"-605.721,69"
sernjwedvvkojvuiu,-788.921.941,Si,17/01/2023,"7.683.020,05"
mmkbbsgeqcdzeel,1.543.067.888,Si,27/03/2021,"2.341.319,32"
bioswstuacps,53.984.697,Si,12/02/2020,"-2.497.497,92"
rolauueauf,-885.288.839,Si,17/04/2017,"-5.624.393,62"
ypkkrxiztncm,183.767.934,No,21/08/2016,"3.713.221,81"
rekzuhajwjxiw,1.069.889.966,Si,07/10/2023,"-8.088.694,79"
tourfljfbtkbqughs,1.533.773.192,Si,30/01/2023,"-1.616.310,61"
cowbwbthyw,-1.879.209.615,No,11/02/2018,"-9.457.517,36"
stzseibtmuxr,375.142.738,No,14/09/2023,"-7.600.243,62"
zljhiwzvqzd,244.831.456,No,11/10/2016,"-4.421.402,82"
gsxdatvkpvgli,-2.020.207.687,Si,09/04/2019,"-2.779.050,27"
oesfkltbwk,-1.057.556.634,No,20/05/2021,"-1.122.023,95"
jrqasjapvje,446.330.501,Si,11/07/2016,"-8.021.720,15"
idjnaanozsbcp,-2.023.595.494,Si,17/03/2017,"-4.013.948,79"
whuympwzec,1.073.843.062,Si,15/05/2016,"1.897.214,98"
xvtykkmbeab,352.551.304,Si,01/03/2014,"4.225.221,05"
jqiirgyckwwjoft,1.552.067.716,Si,24/09/2015,"-4.267.145,63"
pnxpkpupglydw,376.026.067,Si,20/04/2022,"-7.524.586,81"
sttsacshac,226.454.400,Si,08/03/2020,"-7.317.485,25"
disafbmcawqu,-1.934.830.739,Si,18/10/2016,"-5.318.535,76"
idxauyfhtdc,1.746.945.183,No,17/07/2018,"9.950.270,00"
gznzbtlyoyofsfnsn,1.302.589.991,Si,16/05/2023,"-6.432.636,87"
heuidiwnletiacqi,1.702.542.301,Si,15/12/2013,"-9.771.013,14"
yrxfxfljiidhpce,-1.771.170.650,No,09/01/2019,"-5.493.573,40"
ivruchgokdw,-1.326.157.168,No,22/07/2022,"-9.010.011,71"
kfvbkptjyouyxa,1.100.230.471,Si,03/05/2014,"943.020,95"
nugpktlszwlzv,659.265.006,Si,05/09/2020,"3.976.905,78"
yeejbhmzqg,-1.349.925.802,Si,03/06/2022,"2.068.527,31"
ahyvmthcufaxwpy,2.035.617.096,No,15/10/2014,"-6.209.413,18"
erjlymvpvpu,-1.815.109.847,No,04/01/2016,"-4.782.375,07"
yhzxeqlwhfnpov,-740.369.723,Si,28/12/2018,"2.431.570,44"
utjoiyvrhkiiqjg,-582.376.615,No,05/04/2015,"-7.358.288,24"
gsnnyyrrxbsk,-1.945.409.072,No,11/06/2022,"7.093.886,82"
lrqwwyysrd,1.439.545.257,Si,21/06/2016,"-6.594.936,61"
ulpfmtwidmxf,-393.117.576,No,31/01/2023,"2.897.288,64"
ogrpablbqnhoio,-215.898.745,Si,18/11/2019,"-2.298.894,39"
zgvluebyaq,-1.415.030.907,Si,08/05/2015,"7.216.324,12"
ruzmggipul,825.052.969,No,12/05/2014,"1.788.264,84"
scoitteypzdudti,-335.068.016,Si,13/08/2022,"3.755.557,23"
mkduyldwwetdcn,1.772.390.908,Si,20/10/2015,"-9.749.022,32"
appsjfwysrxupmx,183.898.356,Si,02/08/2014,"3.520.833,94"
boegwwwwzcc,1.382.539.003,No,10/08/2023,"8.088.284,66"
wlcmgutkdoa,920.426.823,Si,17/01/2019,"2.346.738,22"
qwzrmpzwiuh,-1.819.421.866,Si,18/01/2015,"8.189.483,10"
votmttsuxbsxxh,1.028.960.836,No,15/04/2020,"-9.167.440,40"
dhuhworbhqaluxzb,520.187.520,No,15/10/2017,"-8.480.348,88"
ufrwhwzunpd,71.512.539,Si,16/01/2017,"6.303.751,97"
jbytuyidtlqtoyox,-1.128.833.020,No,20/07/2014,"-3.461.471,85"
jwxsqxsbjxvyh,-1.258.246.197,Si,30/12/2021,"-8.134.220,66"
abfylhxhxngyiieoh,-1.416.679.601,Si,01/10/2017,"-6.386.742,89"
ewhwgcsbgqbwvmfph,808.875.905,Si,25/04/2015,"-9.293.039,34"
vwvbwjjbly,-1.725.752.538,Si,20/10/2014,"-7.784.875,14"
fodzrcjbfwgkmoa,-529.091.924,Si,09/08/2016,"-1.048.713,94"
tunkxxvxkbvj,-1.553.891.710,No,27/10/2014,"-8.379.919,74"
mlvraqcrhfemut,-2.005.925.974,No,13/08/2023,"566.519,29"
qcaxlcadntgajy,-253.893.602,No,29/08/2019,"-6.706.609,85"
wkubmulfgizyslm,-966.232.945,No,31/07/2022,"8.362.264,29"
zixmhldxknwptvbh,-299.103.338,No,14/06/2020,"-7.141.029,74"
ijjbupfiqm,-951.973.950,No,02/03/2019,"3.019.128,64"
bougkiafelm,1.870.250.977,Si,21/12/2015,"-3.807.547,30"
mrzpxrojngo,1.877.774.234,No,18/07/2021,"-8.400.202,27"
nqbzdqiluxq,1.661.814.711,Si,29/07/2017,"7.952.439,37"
emhiahulkliq,-447.922.037,Si,12/08/2014,"6.789.160,49"
cbznwszhxxwg,19.568.963,No,18/11/2021,"6.117.692,36"
iczsemrfzzj,-1.762.654.356,Si,02/11/2021,"3.140.619,78"
cxckbeckkkr,-1.941.023.594,No,17/10/2019,"-768.768,99"
qvcvabojiqvtmhatm,998.101.609,No,03/07/2021,"7.311.683,44"
ezagfqsqyzdvahspk,-1.995.390.676,No,24/08/2018,"-3.380.029,58"
sbwxsrateqorvmrz,-985.770.759,No,09/10/2023,"8.554.542,22"
nwwbbppbjfs,-466.504.406,Si,11/10/2017,"2.811.534,31"
grgeyemjmlwcotz,1.627.628.043,Si,11/09/2020,"8.268.102,17"
pwvuehefptzgph,-1.119.982.056,No,17/03/2014,"101.083,33"
odlxxirltb,1.160.069.898,No,10/01/2016,"-2.930.806,46"
aqedcilper,-812.057.915,No,29/12/2021,"8.946.566,16"
ykdqtxqpgq,-1.226.353.763,Si,23/11/2014,"2.267,57"
coifqmogtyurjhvj,1.079.683.177,No,13/04/2017,"9.713.180,50"
orwsvmqkoeftyoncc,995.469.344,No,20/06/2015,"-1.501.869,85"
teyismdalqboapzp,606.852.075,Si,31/03/2022,"7.428.177,85"
qxznjwzfkkmtllsnq,1.341.726.574,Si,23/03/2019,"1.502.777,71"
uholoyaobbs,1.743.792.484,Si,09/08/2018,"7.974.839,35"
jkujfsjiaohunrmfo,465.285.044,Si,24/08/2016,"-8.341.186,99"
yhlmhkhqjghdovvsd,-1.002.965.745,No,30/12/2015,"-4.282.195,20"
gsuqhhkcbsevps,-703.719.006,Si,17/05/2020,"-5.062.451,82"
ovxwbptihxqyse,-1.022.513.235,No,15/10/2017,"1.709.187,98"
lrhqhqtomdxg,752.620.108,Si,24/09/2022,"-7.498.529,18"
qnjlxrcwkqgrlkvhf,-375.771.802,No,10/10/2019,"-1.917.343,91"
pbyynlatpruaqyde,1.472.680.323,Si,08/08/2017,"4.419.798,01"
aaejenlxob,-499.568.478,No,13/11/2016,"-1.594.308,60"
yfhtdbrrxedoota,-435.123.830,No,01/10/2020,"8.113.293,55"
mogtcwjxgzurmcjxa,-1.667.135.979,Si,19/01/2015,"796.616,27"
zsxflnkdhwdubzsht,1.965.813.542,Si,11/11/2013,"2.427.485,41"
vuxgnryrxemlznidf,-2.110.233.760,Si,24/09/2017,"-9.565.670,06"
msxeandrqz,810.617.508,Si,09/06/2018,"-6.821.358,03"
vaxcgyyzmzxultyl,1.601.156.039,No,15/12/2019,"1.078.268,03"
jcvnqlkfsp,586.112.368,No,26/12/2019,"-3.138.725,67"
uvpyawdiiddkvson,1.704.785.675,No,05/02/2022,"9.934.717,11"
zaujzzcvigmiohm,-1.319.767.741,No,07/11/2015,"3.609.794,03"
gsjpjqwzlzme,1.451.882.644,Si,08/04/2016,"-1.247.265,79"
jtnlhfjqgisllqe,662.836.936,Si,26/10/2016,"-9.124.395,97"
bbpozviumpxrdi,-361.008.714,Si,16/09/2023,"2.122.794,17"
kedllztadgqt,-572.888.427,Si,06/05/2020,"-1.862.508,81"
ygxmmwbziriun,-1.599.121.610,Si,20/04/2023,"-1.974.650,72"
igsjwjicnuswcsp,-393.865.729,No,22/10/2015,"-4.998.425,44"
huxiiykhzbdo,-1.563.350.340,Si,25/02/2018,"-3.597.951,08"
iwkoihryjkvx,727.296.373,No,06/10/2016,"-4.752.674,91"
xiptmystnbtrchf,-106.352.061,Si,11/03/2015,"-5.637.155,31"
wistvspshrhzurjd,1.745.202.945,No,03/04/2022,"-5.857.221,16"
lwzrpdzmnkppsxozj,269.906.839,No,27/09/2017,"-8.564.788,25"
bhydvtgpowuyowxm,1.529.274.923,No,12/12/2019,"-1.490.240,06"
kvelaslziaa,-1.023.274.625,Si,06/11/2019,"-2.522.712,47"
aumtsyjhmrwc,-758.153.985,Si,20/09/2016,"8.945.720,87"
mrpgfvljjyrjf,-134.885.343,No,01/10/2017,"2.670.186,99"
acgpfyhtaxdhgz,-1.861.906.280,No,11/09/2021,"-4.149.964,40"
xfidmwlnml,1.132.412.074,No,01/01/2018,"-1.574.801,35"
lrhhjeoxhail,-2.079.471.144,No,08/04/2021,"2.248.421,18"
ooicrhirlng,-1.105.073.735,Si,19/11/2019,"8.029.434,89"
ukmpiubxzcqamls,1.762.828.094,Si,15/01/2021,"-2.429.577,63"
tidnodnlok,1.208.145.625,Si,15/10/2018,"8.206.114,75"
zgrlgrhstkajwk,-50.644.140,No,23/04/2021,"-2.612.926,24"
yvsqbzcjadi,1.702.129.153,No,19/05/2023,"-8.609.971,53"
jcvqpcbrhmfoekyqq,-343.581.088,No,21/02/2021,"-2.933.720,73"
koxkcrhfowvahdcpz,967.943.096,No,17/11/2022,"-5.067.344,38"
nufryjzwuigwpmhzc,1.403.250.938,Si,16/01/2014,"-5.495.329,38"
rfxzvljorlhtsq,-1.307.700.367,Si,04/01/2019,"5.987.022,54"
xgrnyvhdotx,51.644.903,Si,22/05/2020,"-3.637.012,45"
etvaasldrj,1.581.537.955,No,19/08/2019,"1.599.655,66"
basootxbbvpddr,907.400.379,Si,29/08/2015,"-1.237.016,95"
kcwdfhfrlypbs,-718.957.063,No,31/03/2017,"-781.501,90"
wvhojoghjvwtyv,-1.254.420.804,No,10/04/2020,"-2.733.451,53"
ojzrrehrzlmttdh,-1.874.028.266,Si,22/04/2020,"8.200.641,13"
njotyhhcetyiqhak,-1.537.902.732,No,20/02/2014,"-456.758,75"
hbklekbmtljon,1.406.058.280,Si,11/01/2023,"1.581.084,37"
dhdhenyuqiibaoch,726.030.556,Si,30/09/2016,"-9.065.205,74"
vduxdzbfiiafla,113.623.517,No,28/10/2022,"-5.222.578,29"
xinyrmaldq,361.591.118,Si,19/06/2017,"7.838.684,81"
mmmdtbifti,8.008.544,No,14/09/2014,"7.569.236,12"
iaimlgyrhdjkrcbz,-1.407.395.073,No,16/01/2015,"4.178.067,42"
qdsuxfajiwuixf,-1.757.270.065,No,07/01/2017,"9.812.411,80"
kczhfkgkbfeagsy,-1.340.603.496,No,01/08/2019,"8.338.946,13"
stpzmofklrdkfil,1.683.487.696,Si,01/08/2018,"4.231.488,05"
wbfasebtreldojg,-455.652.957,Si,11/10/2016,"273.558,85"
ehwdtlivsg,-677.213.408,No,28/02/2016,"-8.294.431,89"
tuqwpntzjnodvpx,956.719.446,Si,22/10/2017,"4.041.113,13"
dfthmgdhqitqbjy,-2.111.281.788,Si,24/02/2017,"3.444.568,65"
glodqrnkard,-536.027.584,No,24/07/2014,"-307.069,25"
lovahjookkyga,1.933.131.849,No,06/08/2023,"8.788.074,22"
urvqqxjkvdlt,1.717.455.213,Si,14/08/2018,"6.241.822,36"
rjsqzpkqapm,1.457.357.886,Si,01/12/2013,"9.728.709,18"
bcqyyqcninegyfw,-1.328.322.130,Si,24/08/2016,"-9.243.766,51"
mfgqpgfnvcauknpg,1.287.567.466,Si,09/08/2022,"-6.443.424,97"
hydblvohgw,-1.306.467.165,Si,18/07/2016,"-9.445.448,99"
hrozrvbamyzskmig,1.209.074.355,Si,23/02/2019,"9.862.368,02"
ojvsfjfzsipg,162.302.214,No,17/01/2023,"2.714.014,68"
ntyezzknhjylckhhk,-475.084.508,No,04/02/2021,"-4.161.567,70"
xhcgitlxjgzzshjq,1.417.999.656,No,07/11/2016,"8.398.934,84"
rclljshudmwioygif,-93.431.673,Si,09/08/2021,"-1.402.042,17"
cghsnvtppbzfnhfi,1.811.736.969,Si,21/09/2017,"2.158.335,90"
ijafmkvdts,370.825.749,Si,01/05/2019,"3.760.044,33"
gtmiwvondxl,-1.458.554.062,Si,17/05/2019,"-5.468.779,90"
ytcyxuzhbrdx,-1.857.580.393,No,17/10/2021,"-2.716.448,41"
omhpyjjvsfvwomj,27.354.681,No,06/02/2019,"5.682.750,20"
mrqsjwxrbxmlqv,-249.755.898,No,22/02/2017,"4.191.207,47"
yusqkdfeudr,904.609.125,No,22/04/2022,"-2.031.788,39"
fnwhuyjaaulcoubzj,-1.717.407.568,Si,06/04/2023,"-6.772.245,13"
mubjdawzmjese,138.553.356,No,04/09/2014,"3.010.280,11"
gydpfupuwxkpykcb,-2.065.601.007,Si,21/11/2021,"-8.980.007,98"
sjgkbplefpbebqus,-2.116.024.209,Si,09/07/2015,"-1.004.529,95"
nvhltbgqwjujlx,-1.830.411.160,No,26/06/2021,"5.130.869,52"
goffnjlogbsuascg,-1.570.641.458,Si,23/11/2015,"-3.489.460,33"
ebpcalftwtuqzn,-967.242.671,No,01/09/2016,"4.389.419,82"
tyinwblvnl,1.329.208.765,Si,06/04/2022,"-3.782.842,73"
yoyoqykabx,-1.629.906.937,No,06/01/2023,"-5.614.580,27"
lzdfzhqoaoqca,-381.791.819,No,16/10/2018,"674.832,19"
gsnlqqxlcpw,-1.211.944.219,Si,30/07/2014,"-4.610.281,54"
vajtjzofgozdlchg,-2.058.947.751,No,18/12/2022,"-3.300.919,92"
mdmuqytyhlh,791.477.067,Si,03/09/2018,"9.769.933,17"
ifopdezleptcbnua,-1.012.252.669,Si,31/08/2017,"1.966.024,32"
hfteyeowwlffwld,-954.644.805,Si,06/12/2016,"1.713.335,00"
jvrpxxyetifiqrvf,-117.935.435,No,01/06/2014,"-6.465.454,01"
ywqgkjjxexq,38.544.372,No,08/07/2015,"-2.714.548,67"
huhzfxtghln,-2.050.503.214,Si,07/07/2022,"-6.105.403,39"
hnihdewcwanwhrgx,1.943.511.438,Si,19/01/2018,"-512.635,36"
zoqiugaprqyyqvrvk,946.680.435,Si,09/12/2014,"107.889,92"
cswtocsmdzeu,662.781.047,No,03/12/2017,"-9.981.749,24"
dkrcnpizwrtblffa,2.031.352.118,Si,14/07/2022,"7.713.495,52"
deqwqoqkusslto,2.017.263.703,No,06/09/2016,"6.308.296,53"
jifayhtmudp,-1.186.755.037,Si,21/06/2020,"6.647.351,63"
xexskerflqfsrso,-1.287.626.042,No,22/02/2022,"7.705.821,48"
mlhboplkzyozgke,-131.566.019,Si,16/01/2015,"-110.137,19"
dylmvlhprnlu,-1.428.755.135,Si,23/03/2018,"2.377.589,22"
kkqelzgkipphikt,-390.316.462,No,31/12/2019,"-8.671.919,96"
zlmtwnrbuvnyowp,481.890.376,No,01/01/2015,"-9.529.006,65"
fsrwrzbmgyc,-474.618.132,No,26/07/2021,"-2.017.860,65"
nnejxoasqefo,363.131.367,No,23/08/2020,"-3.753.222,56"
yoywqrbsyuof,-548.125.090,Si,21/02/2018,"8.711.666,61"
ccobgpclezzyzdp,-257.095.058,Si,07/07/2016,"5.943.958,75"
advvwclwfk,-1.017.526.685,No,03/03/2018,"6.821.166,73"
loxgycrgnle,-2.016.982.853,Si,26/07/2019,"7.744.763,90"
kgqueubjzpgvide,-803.839.196,No,25/10/2015,"-8.058.253,61"
bnjpocrqsppmlmf,-688.237.736,No,28/11/2020,"7.396.862,07"
nczeprqfqzzyygx,1.454.803.383,Si,22/07/2018,"-4.575.525,25"
nofchslfpiqtl,-188.843.908,No,18/05/2016,"7.475.436,61"
clokzcfelzwnxoa,-1.711.176.529,Si,09/08/2020,"-5.699.763,24"
egxuhtmkfeqdzdfqo,-1.182.177.823,Si,23/02/2018,"6.453.424,27"
bpjvqgjfsuefmqnd,1.523.967.390,Si,14/08/2019,"-1.616.960,98"
spftqugjkpdijzl,1.903.840.087,Si,09/01/2021,"-7.358.097,72"
ayzkphhdilxbpkwlz,-1.615.166.022,No,10/08/2023,"-7.618.119,81"
zgxgpltbml,1.362.357.671,No,25/01/2021,"-8.668.734,78"
kqggatdpghyz,1.021.094.577,Si,22/04/2016,"-6.815.746,63"
jjgmopfcvmjlmqp,-1.959.313.897,No,26/07/2021,"-4.395.539,52"
pnttsndqjnppcz,-1.389.270.415,No,28/06/2015,"911.810,84"
djylbfntwsfmodpof,1.569.333.212,Si,06/08/2017,"7.870.901,83"
vdgwqwxonyjp,-686.714.998,No,29/06/2015,"-16.822,95"
pqddmrxcptyqvt,-685.450.083,Si,23/09/2018,"7.268.861,67"
kmlhoxaizhjb,-1.562.935.675,No,15/10/2021,"-6.491.823,51"
oljakgjvysvyl,321.349.577,Si,28/06/2022,"-5.751.128,42"
qmqsxointpunhnjsa,-425.028.202,No,01/10/2020,"-7.109.000,33"
sisycpyhtjv,-1.680.487.622,No,23/05/2016,"2.533.662,19"
fdyblycwcdv,-1.757.494.801,No,20/09/2020,"6.332.755,19"
pxhbomlcdszlm,-1.335.991.114,No,13/05/2021,"-3.766.469,59"
rjbfttitfozu,-1.097.683.242,No,14/11/2013,"-103.806,03"
wvwlhhdasqu,-1.875.649.448,Si,15/01/2023,"-8.856.373,53"
uqyiegnxqtgjzeoo,-1.114.817.964,Si,13/07/2014,"-3.385.217,15"
ggmjidxkpkeegvmdb,1.535.115.214,Si,21/02/2020,"4.126.732,32"
ywokhrchapnxqelsy,1.773.240.801,No,01/08/2016,"6.032.922,02"
osgamktokprikkdut,-1.002.683.891,No,06/11/2015,"6.275.194,79"
mdvphdkrqhteopt,-841.436.577,No,05/12/2014,"1.703.561,95"
gzpseheekqlgfjltm,524.878.345,No,10/06/2014,"-5.365.855,98"
euoikzhpprthuvmys,858.573.214,Si,15/03/2022,"-1.575.486,21"
sxhmwvqprtposgm,1.399.963.673,Si,17/10/2016,"1.227.550,39"
vhcxubjjdwagnx,-1.668.337.235,No,24/09/2016,"-6.951.707,19"
gnbmonoinh,-380.107.590,No,01/04/2019,"1.187.947,67"
zjsepysdnuph,100.567.369,No,17/07/2020,"5.361.221,11"
yxhcickmmfl,-1.279.788.742,No,07/07/2016,"-5.258.705,50"
klkfbsfvyhrqhbtn,-1.523.234.244,No,16/04/2019,"492.625,58"
pnovzijkhaqtvbaj,1.437.998.850,Si,29/07/2014,"-4.405.874,28"
nbsdeybbnaz,803.575.532,Si,03/06/2020,"-4.708.207,69"
uyqskjcvbxha,251.869.634,No,05/07/2020,"-3.046.494,93"
iwejmnrdvakcepyra,1.771.028.488,No,25/11/2022,"-7.660.622,28"
jibaiiejjeon,-86.839.197,Si,25/09/2022,"-2.318.579,66"
ikdbjvnmiaxrxc,-346.611.167,Si,14/01/2015,"8.730.905,43"
bzadnlurlx,-1.291.774.950,Si,18/09/2020,"2.428.207,13"
zqsiejpmsu,1.134.310.209,Si,31/03/2021,"-4.563.713,14"
dzrfpvzitpvrn,239.909.145,Si,25/01/2022,"-9.862.527,15"
nopetpwwzuslb,-501.727.750,Si,24/10/2019,"7.019.452,24"
hwwmpsctmevgbqfai,-179.322.755,No,23/01/2023,"-8.984.143,22"
gdxjkodusrs,-1.933.800.662,No,18/05/2015,"-3.766.706,88"
gazzfjlkybsmj,-945.513.379,Si,10/06/2020,"128.171,16"
przrzalhbpgrmgovn,-1.481.590.297,No,23/07/2014,"-1.085.379,74"
hfgletimcmlvnlhit,722.972.942,Si,06/05/2016,"-2.331.219,65"
kpvlvkesqagqsmbcm,394.612.612,No,20/12/2016,"4.855.940,63"
wpfhprvocxsh,-416.423.488,No,05/09/2016,"9.479.963,70"
wvlfiqbveshyxncit,-2.136.122.885,No,01/02/2017,"-3.830.086,66"
zlkjliwsvtkzwkmds,707.281.051,Si,20/08/2021,"9.097.837,78"
cyhxyfapzendijnc,-522.034.397,Si,30/03/2016,"-6.106.223,29"
njozlafmxuizfx,-1.760.498.611,Si,16/11/2018,"9.063.769,82"
ihskxwgqfocmzki,943.589.383,No,14/06/2014,"6.375.474,83"
keypwwsnwenexdn,-479.085.845,Si,01/01/2023,"4.813.033,35"
qpkcjrqisrvlufy,-1.018.703.571,No,27/01/2019,"5.266.901,60"
tsunkmyikvt,-620.892.866,Si,21/01/2022,"8.409.763,27"
ayvwubolksiza,1.182.742.339,No,29/06/2019,"3.761.323,42"
qxqitjcmnt,-2.102.444.305,Si,16/02/2017,"7.251.430,75"
droehhwkdoaimqahe,-2.035.591.798,Si,04/04/2017,"-8.199.199,77"
uvejtfmkrw,1.768.466.255,No,16/02/2020,"-6.434.111,09"
hjqyoetyordqi,1.965.422.656,Si,07/05/2017,"-2.348.876,05"
hvstzjyqqft,851.963.774,Si,24/12/2014,"-4.898.156,48"
bnpdunoaednlbfd,-141.414.875,No,13/03/2017,"5.043.258,43"
gprcdscikvh,563.323.678,No,22/05/2018,"-5.317.198,56"
jgapgnoqkuketg,1.816.670.521,Si,12/03/2020,"3.830.345,53"
zdwrfptopksa,612.564.647,No,24/01/2016,"9.755.012,20"
laoouyropxpjbgv,-829.565.650,Si,15/06/2015,"8.639.705,68"
iwykcbddpm,-89.602.291,No,07/05/2015,"2.202.207,97"
mdjchutmoqtgmqc,-142.592.788,Si,01/04/2021,"1.265.485,35"
fcfoicnxuavgbibux,812.954.567,No,27/03/2018,"-9.494.202,00"
flszepigee,1.873.186.703,No,06/02/2017,"7.667.742,55"
baywgxawjadsgxc,-531.093.014,No,24/09/2020,"2.571.165,59"
bqunjahnoghtpjyr,775.430.378,No,16/12/2019,"5.724.139,05"
zykgxyhkvizaj,-890.305.462,Si,15/06/2021,"-722.335,04"
vuagxivvghpk,1.428.858.112,Si,20/08/2014,"-8.524.540,05"
cfqhzvwtebftsxp,-6.687.790,No,19/04/2016,"477.586,94"
xztrwfibkio,-943.901.205,No,29/08/2014,"9.650.296,56"
lcpuijrntvcfgxyf,-1.815.775.296,No,30/03/2018,"2.693.953,10"
dvuafmyywl,1.638.969.234,No,06/05/2021,"-1.816.240,72"
mytfrtvywj,-899.171.429,Si,13/01/2019,"-5.641.989,05"
hebxrpspieou,-1.517.721.036,Si,09/02/2014,"5.478.018,02"
ntxaknnyjwgopq,1.054.565.584,No,11/10/2020,"2.988.083,65"
upanxzzwdrplpze,-1.879.374.112,No,27/03/2015,"-4.247.074,61"
rdwtpqiextczso,1.083.131.879,Si,30/12/2017,"-7.670.755,59"
qdvhrbgprh,795.157.070,No,01/07/2022,"-8.061.526,62"
uszaknikacftykiuj,2.097.644.749,No,01/10/2019,"7.282.209,05"
iwnbigzuhsuyj,-1.979.655.440,Si,18/01/2015,"1.827.597,53"
dsrtdjhkvg,-2.035.993.707,No,04/03/2015,"6.696.944,92"
frkvfiipbvcfrl,-1.788.545.838,No,18/01/2014,"5.379.170,34"
eyjfmfbqtnymukj,513.011.048,No,26/12/2020,"648.106,65"
dfmqvezoaauz,119.260.370,Si,23/05/2016,"-3.408.565,69"
tzcuzvlqwhl,-378.487.764,Si,05/12/2021,"-5.960.278,49"
xqdvtudvnzdvfjunm,1.048.565.030,Si,08/03/2023,"364.546,69"
wclralkepdmuigp,1.825.906.089,Si,02/05/2016,"-1.621.787,05"
llpayqjwikkuypa,-883.802.303,No,13/08/2023,"5.213.269,13"
tctytqijatbw,-1.785.722.140,No,12/07/2014,"9.357.417,36"
ruwckmefot,-792.194.774,No,30/04/2021,"-3.101.169,81"
lnedltwcgcftl,-519.778.464,Si,19/06/2020,"5.069.074,34"
ewhfrjmbblmqic,1.578.474.336,Si,26/04/2017,"-5.622.347,07"
lxfjdagbwamp,599.989.537,Si,02/11/2020,"1.583.716,89"
udvxivwljhuxijby,-331.611.071,No,19/03/2020,"-3.242.220,11"
sdcwwfgdwvwa,1.517.333.563,Si,06/06/2023,"8.932.961,45"
dezhragphpuuq,2.146.555.730,Si,30/07/2021,"7.470.808,65"
vpwbhbrpsc,-1.865.177.663,No,07/03/2023,"-2.369.152,77"
fqycwvufem,401.375.820,Si,24/12/2016,"-4.572.992,78"
fflfcrfmcvjqbqzk,-1.400.479.320,No,19/02/2014,"-7.601.643,29"
dltwubugcr,-842.372.674,No,27/01/2016,"7.732.585,59"
jnwuwifdaghdfyn,2.146.058.801,No,01/03/2020,"748.640,91"
xbszuwaaurel,288.631.301,Si,13/04/2018,"-2.330.319,01"
gzpvgvcluqjgf,710.935.188,No,01/12/2021,"-2.388.088,35"
gvfjrzqcykle,173.735.496,No,14/04/2016,"-5.845.079,34"
fbetpfzfhfav,-562.973.282,No,02/03/2014,"-9.585.077,64"
rditcqxsoxmhsxx,1.770.933.445,No,15/08/2017,"-47.427,86"
kdjjsgukllu,201.357.761,No,19/09/2014,"-7.982.528,39"
wkguykvpiqfhra,-1.805.610.135,Si,31/01/2014,"-603.948,77"
cvmzuuktyoo,13.450.310,No,13/11/2021,"7.314.318,03"
ikbugdceustsoe,-19.045.487,No,09/12/2022,"9.129.003,92"
fsgkhqipwrrbzs,-282.013.169,Si,17/05/2015,"-102.312,91"
itydhhxgvauzrwaf,54.203.927,Si,02/03/2022,"-4.909.564,09"
vrsiorqrun,-1.523.873.764,No,08/05/2023,"8.620.406,04"
jlcscdbfavye,-1.709.840.050,No,15/04/2019,"2.745.053,76"
coxsuijssvesdijk,861.640.716,Si,10/04/2015,"-6.333.821,48"
amtyqcfyeyapy,-1.131.652.202,No,01/11/2020,"-3.017.940,46"
tqleofgjimytu,1.731.516.623,Si,06/04/2018,"-9.880.573,88"
mhukzsezhcsswxxh,1.199.053.002,No,01/03/2015,"3.021.957,27"
snfwdzqmttrqvql,152.136.311,Si,23/09/2021,"-6.319.537,50"
nkhtpxxgnwdp,-1.899.772.028,Si,09/05/2014,"-6.708.250,17"
ihsijacxtkhuz,-537.825.140,No,18/08/2014,"-95.973,44"
whiozzwfbzb,-912.923.696,No,17/09/2015,"7.159.667,89"
qqoqqvzjknbzjjwv,1.261.011.533,Si,16/10/2014,"4.382.052,77"
xjwyfblyxrnmqrrk,2.126.009.151,No,27/07/2017,"3.563.018,05"
kxfwzsjfqhgskzn,-510.815.284,Si,24/10/2021,"-4.248.228,98"
ujrhybqanzcxqnpdp,-41.106.439,Si,15/06/2020,"-9.840.247,00"
mkavdudrwewpmupsh,1.780.069.244,No,30/03/2022,"9.504.877,32"
dvuscarlahbdsx,-940.478.540,No,17/03/2023,"-4.793.970,19"
eddsxvcxsphpzt,-226.617.254,No,21/10/2016,"-9.798.103,52"
irhhxmuwvcftyjd,-1.478.935.023,No,12/03/2018,"-9.229.122,68"
ftvuubvvlh,-1.801.701.249,Si,01/10/2022,"-3.361.284,63"
fyagdomemfiv,-332.582.402,Si,11/03/2020,"7.405.838,27"
qokaarxardnnpl,1.328.137.119,Si,21/06/2021,"-7.413.399,83"
dussycrrjlib,-51.269.412,Si,04/11/2019,"9.714.202,28"
udpindpgpmft,805.751.581,Si,12/09/2018,"-3.338.768,09"
lvlpjjygsfhle,-177.029.984,No,08/10/2022,"3.677.191,56"
aqsqmxeaszjuoxzbt,-1.413.971.083,Si,27/06/2016,"-2.563.502,74"
vmzxgcijxxf,1.733.926.199,Si,06/10/2019,"-1.928.666,44"
dcutfvpwbsnbap,1.154.238.139,Si,27/07/2022,"-1.876.763,87"
hxyfuqjntroqlml,-451.429.747,No,09/11/2015,"6.459.227,56"
ivuxeuailzxgtikle,1.024.301.539,No,24/09/2017,"-2.323.394,57"
zafpadrbdswkhyxc,-420.185.896,Si,21/05/2014,"6.016.890,71"
xpmyyrurrdstoctu,1.856.444.408,Si,30/11/2018,"-2.770.652,55"
ysbbacsqrc,2.058.343.698,No,26/07/2018,"-4.234.333,81"
ftqfceumshszfywtp,1.826.444.057,No,03/03/2021,"6.782.772,66"
nvdfxejvvki,1.124.089.372,No,19/10/2015,"26.897,58"
mkevlzdscne,1.445.282.582,Si,10/07/2019,"-760.539,59"
eddvjeekpapg,1.496.367.552,Si,25/10/2016,"4.651.852,85"
nhykdegjaookt,-632.016.057,Si,30/05/2020,"4.073.001,98"
qlwuxwygwneitck,-1.367.209.020,No,01/04/2022,"-4.372.580,03"
gxavqqsybvvfoy,-343.441.356,No,16/04/2016,"-4.120.108,52"
hwequqsckefedwkke,1.461.504.800,No,01/07/2017,"-7.942.543,10"
xbwbtxoynnmgokyx,569.369.435,No,04/05/2022,"-6.080.928,08"
iqtpdauylzundg,502.140.260,No,19/11/2014,"-1.911.928,20"
ignafcrybnjhg,-525.053.403,No,28/04/2018,"9.472.313,14"
mzzqjzfbfvrbxf,-2.108.283.582,No,18/04/2017,"6.526.829,56"
syofelvjqvp,-884.599.074,Si,18/07/2021,"-1.798.217,51"
hcqzxduzeppxcxqbk,-641.171.866,Si,30/05/2021,"6.956.238,08"
mmcpxyfoksxvifywz,1.280.453.433,No,06/12/2013,"-4.699.771,48"
ufntfxytebo,-66.283.424,No,07/02/2018,"-4.383.695,50"
nroxtbplha,1.687.871.278,No,24/11/2014,"-3.822.098,63"
yeulzdtabynbyykf,1.494.892.447,No,25/03/2023,"1.264.738,52"
dpevuozerkrujdgf,-1.202.367.813,No,14/11/2019,"-3.334.213,64"
kjkexshhgemkdgyhp,657.112.258,Si,02/09/2023,"-4.616.895,11"
uksqgzqeqwj,83.687.744,Si,09/06/2021,"-2.678.558,08"
cbyztbomjhzq,-717.400.631,Si,26/01/2017,"1.234.873,90"
ygmsckospzl,-1.802.800.715,Si,25/05/2022,"1.094.137,52"
edjnvitwhrezwdja,1.785.089.387,Si,22/06/2020,"-8.447.715,86"
jcvpqbeqkwn,973.919.734,Si,28/12/2014,"-1.366.888,07"
ousdyvlvahxmose,-737.326.350,No,09/11/2013,"3.261.815,78"
ffywrigkmzfli,1.267.438.779,Si,13/04/2015,"8.427.496,23"
pfiqmpeyallabsdq,-403.815.248,Si,13/04/2023,"-1.596.843,75"
imtgegmpgngwk,-500.337.536,Si,13/06/2015,"8.172.455,07"
dvwdpoqusnoqx,419.546.707,Si,04/09/2020,"639.832,41"
izouxrllebxhm,1.435.191.943,No,15/01/2019,"6.586.802,12"
rkgefbcmugqmrgtb,-901.540.438,Si,18/11/2021,"-5.181.067,45"
uqsfyqxvxf,1.192.498.080,No,24/07/2020,"4.106.418,62"
luvqpyomhvx,-1.051.785.621,No,04/02/2022,"-4.389.324,85"
hhnspxvgmv,257.343.918,No,21/03/2018,"-6.525.309,47"
svjypmwcdrge,1.741.776.145,Si,15/03/2022,"-2.175.351,95"
hendfllyio,-2.002.311.092,Si,20/08/2020,"-4.322.826,24"
phgdqgdhwid,-1.496.377.755,Si,22/01/2020,"-8.736.996,68"
exrbqnvmmg,718.705.078,No,02/03/2014,"1.141.044,03"
zldlmekszo,158.836.028,Si,04/04/2018,"5.511.229,05"
okmszbgxyogdaexk,-1.668.663.215,No,28/10/2019,"995.234,03"
axgtpdvbzmqx,-1.354.474.649,Si,05/08/2021,"-7.856.522,54"
wmachwryzuu,-867.275.499,No,22/11/2013,"-5.514.127,14"
vrooixipga,-921.032.344,Si,09/11/2017,"-3.946.737,43"
pijfbtllcjfegj,932.821.936,Si,19/12/2020,"-3.303.774,65"
wiwdkfufonxv,331.389.006,No,02/09/2022,"-3.658.696,54"
osfhsvbapjmjicd,-227.777.590,No,11/09/2019,"1.831.600,53"
pcblxtiavuki,-852.942.649,Si,08/10/2018,"-2.877.122,79"
orjhtywdivf,1.199.761.142,Si,24/08/2022,"3.638.046,30"
jhxxqgxelzzzqb,-53.818.276,No,03/03/2014,"3.495.907,80"
jjygpmivdi,-1.892.799.408,No,29/07/2023,"-5.070.694,28"
nlwifsjaod,-836.640.729,No,26/09/2014,"-7.508.860,81"
hzupjjiubhkva,-1.139.863.934,Si,28/09/2023,"-1.654.581,77"
qktpifcortwas,-384.651.697,No,21/11/2022,"9.474.655,89"
dmhshorgggefqgqmj,1.195.456.101,Si,04/07/2022,"-4.465.784,63"
buxantvuxaxz,1.942.855.580,Si,30/08/2023,"-7.701.382,41"
aeipqttkqq,2.078.239.619,Si,03/02/2023,"-2.910.791,20"
qkrgkcptsshawdmpg,1.149.325.075,No,24/08/2020,"-2.747.752,25"
cwfqkwwnuz,1.026.773.105,No,01/02/2020,"-8.532.175,77"
mfawhpvtiftm,149.917.089,Si,26/05/2014,"-7.388.321,02"
huhjncnfsfnvu,-1.763.779.453,Si,27/08/2020,"7.406.388,29"
qqsapfamehburaj,-1.181.127.480,No,07/05/2017,"2.422.994,85"
ibgsoddltj,-694.342.628,No,05/01/2018,"-4.827.712,93"
tbmvpppqtjg,963.952.844,Si,22/02/2015,"-4.849.525,89"
xauzbrnbmbkft,718.383.917,No,21/04/2014,"1.442.922,04"
sogwnvnkxsqzhma,1.297.451.294,Si,21/11/2021,"8.661.881,51"
bckumaxfrgznyk,2.046.988.416,Si,20/06/2022,"-2.914.349,58"
xnkbtocgnxwvqwcb,788.054.707,No,05/09/2021,"-9.481.046,04"
gnccwuzgcv,-1.970.746.236,No,14/11/2022,"825.896,46"
wlrmyczficd,-1.815.481.662,Si,23/09/2015,"-1.015.001,98"
dkwxkxpsaoxg,962.198.179,Si,23/07/2019,"5.519.654,11"
nzgysvcljltoexlg,-1.716.377.877,No,26/01/2021,"-4.391.028,86"
wsjmydgkrlxfqxvr,1.442.604.851,Si,28/02/2020,"8.438.147,97"
dunwcobgirborlagp,990.665.487,Si,27/08/2018,"-5.702.611,38"
dhnkfkkxmcx,1.727.038.575,Si,12/07/2017,"11.502,32"
frolcyvzgf,627.277.524,Si,17/11/2015,"-9.309.624,89"
ditngvbbeeuiqprw,-1.947.685.652,Si,17/04/2022,"1.257.905,64"
sllsqyktanwjavs,-1.426.370.311,Si,08/09/2014,"-7.043.659,30"
tirpbjcqxfonsdgsy,1.592.661.197,No,30/11/2016,"-2.523.750,36"
sxbgahbvkkkm,-726.448.478,Si,03/11/2022,"1.281.579,91"
sqpxzjptuxgqopjx,61.948.313,Si,02/12/2016,"-9.828.560,76"
ayflpleljrzxgl,-656.012.325,Si,21/09/2022,"-1.838.482,34"
lzxqcjkdcmfq,-1.234.833.441,Si,24/10/2019,"2.574.614,14"
wqqhmxylvz,-1.040.559.995,Si,01/02/2018,"9.798.576,95"
oauvyoryzvslpb,-61.180.406,No,22/09/2017,"-2.724.353,79"
tdntkdhris,1.636.564.166,Si,25/04/2015,"9.337.664,83"
voosylydrvxu,-1.962.968.529,Si,15/11/2019,"1.133.111,55"
hmbgollewuu,-511.782.614,No,18/07/2021,"8.910.454,13"
zucssjxvhwpw,-390.533.106,Si,21/07/2020,"-3.418.505,34"
ypdsqygwjqphmdfi,-664.347.964,Si,17/10/2023,"-1.034.544,50"
nerkfbsbotsgby,-101.282.806,Si,05/09/2017,"-7.426.018,38"
zifgkpubhvfbn,1.279.074.064,Si,29/09/2018,"-1.104.534,12"
gxbmifebnvtrev,1.035.502.196,No,12/01/2017,"-2.758.700,98"
phedtqstczohn,-1.317.430.340,No,05/09/2014,"4.093.758,04"
ygbvbgukvurhn,1.204.105.480,Si,20/12/2015,"-6.556.726,41"
mjqefuxgep,335.905.387,Si,17/08/2022,"-2.069.946,90"
dpoamplnamdxxc,1.442.608.393,Si,12/12/2018,"-4.357.696,86"
mjsawudjayoijg,2.046.337.164,No,13/07/2017,"-2.805.534,04"
yklzvkpwvuhffvyos,-1.896.184.812,Si,10/11/2021,"-3.221.278,99"
szybrdmezubhchahy,1.870.265.134,No,30/01/2018,"-9.495.564,58"
rmhemwrjav,1.954.695.965,No,27/02/2017,"9.879.286,87"
eqebbtgqva,-1.334.744.357,No,30/12/2020,"-4.112.506,01"
wvsjvvxyzmug,335.544.363,Si,11/01/2022,"4.753.321,06"
rkwezbdkad,426.695.512,No,02/08/2022,"-4.904.509,11"
pohsvsbafdrkmvk,843.373.153,Si,14/08/2020,"-6.198.776,03"
wneatviqepaxuu,1.146.550.773,No,10/07/2018,"2.315.554,01"
kvehdvxcnbblm,-1.511.199.507,Si,07/10/2017,"-2.801.269,96"
hldgboqzhko,-595.442.124,No,12/05/2021,"-848.249,08"
ptgsnefpvn,209.241.998,Si,27/04/2015,"-9.293.712,49"
swystvxgdfgdd,-455.186.942,No,12/10/2016,"-7.421.338,75"
ownovtumjtwx,-1.959.180.196,No,14/08/2021,"-9.646.582,32"
hmitsjfmmjko,-158.981.277,No,06/11/2020,"4.950.389,83"
pwclpdgtnfasnrxdi,-1.394.572.661,Si,12/08/2022,"-7.339.726,19"
xntsyfbngcmqagsd,-503.972.383,Si,26/01/2021,"-6.523.184,21"
okmwjhuxhg,-918.179.425,Si,20/12/2014,"5.919.823,61"
vtqgmozpzmvfzz,-733.847.868,Si,22/02/2015,"-1.945.890,65"
zkdtaeqkzcsdyc,1.906.625.598,No,13/11/2015,"-8.914.185,46"
ykgwkrvntqyuqkkx,1.492.792.182,No,30/06/2019,"7.813.005,40"
ikvnxujelnapb,-972.751.638,Si,13/05/2018,"-9.104.684,23"
ipluyruzydvxvz,-590.264.697,No,30/09/2015,"-294.203,30"
aioplafahfphkw,329.021.967,Si,22/04/2020,"8.287.354,20"
